cohort,week,week_start,documents,science_index,science_lo,science_hi,common_index,common_lo,common_hi,leftover_docs,leftover_share,leftover_lo,leftover_hi,methodology_version
monthly_series,2022-W50,2022-12-12,2000,0.747341,0.31155,1.32818,0.993776,0.820294,1.19933,0,0,0,0.00191705,v1.2
monthly_series,2023-W02,2023-01-09,2000,1.08431,0.41749,1.80834,1.11921,0.945883,1.31608,0,0,0,0.00191705,v1.2
monthly_series,2023-W07,2023-02-13,2000,0.907511,0.405353,1.5633,1.03522,0.861529,1.22412,1,0.0005,8.82677e-05,0.00282686,v1.2
monthly_series,2023-W11,2023-03-13,2000,1.04556,0.468438,1.75108,1.05588,0.899667,1.21134,2,0.001,0.000274279,0.00363893,v1.2
monthly_series,2023-W15,2023-04-10,2000,1.60019,0.933373,2.48841,1.01404,0.845136,1.19413,2,0.001,0.000274279,0.00363893,v1.2
monthly_series,2023-W20,2023-05-15,2000,1.55413,0.874478,2.30279,1.16877,0.990021,1.35655,2,0.001,0.000274279,0.00363893,v1.2
monthly_series,2023-W24,2023-06-12,2000,1.31321,0.737775,2.00047,1.21443,1.02222,1.41217,0,0,0,0.00191705,v1.2
monthly_series,2023-W28,2023-07-10,2000,0.729217,0.308642,1.24327,0.916784,0.763389,1.07747,2,0.001,0.000274279,0.00363893,v1.2
monthly_series,2023-W33,2023-08-14,2000,1.4547,0.741989,2.28968,1.06684,0.901369,1.24529,0,0,0,0.00191705,v1.2
monthly_series,2023-W37,2023-09-11,2000,1.90067,1.08064,2.82264,1.10886,0.919717,1.29952,0,0,0,0.00191705,v1.2
monthly_series,2023-W41,2023-10-09,2000,2.31377,1.41117,3.51022,1.11482,0.934228,1.29176,0,0,0,0.00191705,v1.2
monthly_series,2023-W46,2023-11-13,2000,1.24214,0.63983,1.94656,1.08114,0.908791,1.25844,0,0,0,0.00191705,v1.2
monthly_series,2023-W50,2023-12-11,2000,1.9337,1.09057,2.93471,1.12204,0.925096,1.32266,0,0,0,0.00191705,v1.2
monthly_series,2024-W03,2024-01-15,2000,1.4018,0.69209,2.17105,1.12441,0.946026,1.33603,0,0,0,0.00191705,v1.2
monthly_series,2024-W07,2024-02-12,2000,1.30616,0.688595,2.01,1.22568,1.01408,1.44107,0,0,0,0.00191705,v1.2
monthly_series,2024-W11,2024-03-11,2000,1.83052,1.04463,2.76865,1.37599,1.17496,1.58196,0,0,0,0.00191705,v1.2
monthly_series,2024-W16,2024-04-15,2000,0.994462,0.485296,1.59069,1.11802,0.928193,1.32806,0,0,0,0.00191705,v1.2
monthly_series,2024-W20,2024-05-13,2000,1.66886,0.92797,2.51963,1.03494,0.862074,1.21336,1,0.0005,8.82677e-05,0.00282686,v1.2
monthly_series,2024-W24,2024-06-10,2000,2.25443,1.2864,3.34864,1.24391,1.0237,1.46172,0,0,0,0.00191705,v1.2
monthly_series,2024-W29,2024-07-15,2000,1.0636,0.521882,1.71861,1.16311,0.944991,1.41828,0,0,0,0.00191705,v1.2
monthly_series,2024-W33,2024-08-12,2000,2.29462,1.40494,3.37231,1.2958,1.11302,1.48194,0,0,0,0.00191705,v1.2
monthly_series,2024-W37,2024-09-09,2000,1.64562,0.84488,2.67725,1.06827,0.903178,1.24869,0,0,0,0.00191705,v1.2
monthly_series,2024-W42,2024-10-14,2000,1.61824,0.957171,2.37478,1.15026,0.978721,1.32492,0,0,0,0.00191705,v1.2
monthly_series,2024-W46,2024-11-11,2000,0.824474,0.344862,1.35246,1.14817,0.969207,1.32788,0,0,0,0.00191705,v1.2
monthly_series,2024-W50,2024-12-09,2000,1.84587,1.07474,2.70983,1.35631,1.14956,1.59566,0,0,0,0.00191705,v1.2
monthly_series,2025-W03,2025-01-13,2000,0.567905,0.165868,1.01493,1.01213,0.848987,1.19885,0,0,0,0.00191705,v1.2
monthly_series,2025-W07,2025-02-10,2000,1.65179,0.910463,2.52843,1.17411,0.993863,1.36592,0,0,0,0.00191705,v1.2
monthly_series,2025-W11,2025-03-10,2000,2.57133,1.66402,3.68019,0.968612,0.805456,1.15662,2,0.001,0.000274279,0.00363893,v1.2
monthly_series,2025-W24,2025-06-09,2000,1.08422,0.562511,1.73894,1.14936,0.944162,1.35729,0,0,0,0.00191705,v1.2
monthly_series,2025-W38,2025-09-15,2000,1.17596,0.608161,1.86888,0.895593,0.744581,1.05961,0,0,0,0.00191705,v1.2
monthly_series,2025-W51,2025-12-15,2000,0.564992,0.162047,1.04566,1.21183,1.04278,1.40308,0,0,0,0.00191705,v1.2
monthly_series,2026-W11,2026-03-09,2000,0.804392,0.308228,1.33631,1.0852,0.918763,1.27592,0,0,0,0.00191705,v1.2
monthly_series,2026-W25,2026-06-15,2000,0.662416,0.239748,1.17495,0.984947,0.821418,1.15965,0,0,0,0.00191705,v1.2
monthly_series,2026-W38,2026-09-14,2000,0.827764,0.257816,1.5221,0.966631,0.820747,1.12323,0,0,0,0.00191705,v1.2
